{
  "formatVersion": 1,
  "database": {
    "version": 3,
    "identityHash": "89d577d2091a6a612acf6429016463dc",
    "entities": [
      {
        "tableName": "recientes",
        "createSql": "CREATE TABLE IF NOT EXISTS `${TABLE_NAME}` (`urlImg` TEXT NOT NULL, `idCategoria` TEXT NOT NULL, `guardarTiempo` TEXT, `key` TEXT, PRIMARY KEY(`urlImg`, `idCategoria`))",
        "fields": [
          {
            "fieldPath": "urlImg",
            "columnName": "urlImg",
            "affinity": "TEXT",
            "notNull": true
          },
          {
            "fieldPath": "idCategoria",
            "columnName": "idCategoria",
            "affinity": "TEXT",
            "notNull": true
          },
          {
            "fieldPath": "guardarTiempo",
            "columnName": "guardarTiempo",
            "affinity": "TEXT",
            "notNull": false
          },
          {
            "fieldPath": "key",
            "columnName": "key",
            "affinity": "TEXT",
            "notNull": false
          }
        ],
        "primaryKey": {
          "columnNames": [
            "urlImg",
            "idCategoria"
          ],
          "autoGenerate": false
        },
        "indices": [],
        "foreignKeys": []
      }
    ],
    "setupQueries": [
      "CREATE TABLE IF NOT EXISTS room_master_table (id INTEGER PRIMARY KEY,identity_hash TEXT)",
      "INSERT OR REPLACE INTO room_master_table (id,identity_hash) VALUES(42, \"89d577d2091a6a612acf6429016463dc\")"
    ]
  }
}