{
  "project_info": {
    "project_number": "538182535571",
    "firebase_url": "https://bestbackgrounds-606e5.firebaseio.com",
    "project_id": "bestbackgrounds-606e5",
    "storage_bucket": "bestbackgrounds-606e5.appspot.com"
  },
  "client": [
    {
      "client_info": {
        "mobilesdk_app_id": "1:538182535571:android:9e107ff89eacd8ec",
        "android_client_info": {
          "package_name": "com.example.bestbackgrounds"
        }
      },
      "oauth_client": [
        {
          "client_id": "538182535571-grqvoep47q0u6rdoj5geg1u5639pls52.apps.googleusercontent.com",
          "client_type": 1,
          "android_info": {
            "package_name": "com.example.bestbackgrounds",
            "certificate_hash": "dc415ca81836f708edbf1c80ae19e04deabb5969"
          }
        },
        {
          "client_id": "538182535571-nvosetromcnsaotsp4kvt6cqqiv11q0m.apps.googleusercontent.com",
          "client_type": 3
        }
      ],
      "api_key": [
        {
          "current_key": "AIzaSyCcQjqb0dpzpg7AVuoTdgWuyXlqwBHO5UE"
        }
      ],
      "services": {
        "appinvite_service": {
          "other_platform_oauth_client": [
            {
              "client_id": "538182535571-nvosetromcnsaotsp4kvt6cqqiv11q0m.apps.googleusercontent.com",
              "client_type": 3
            }
          ]
        }
      }
    }
  ],
  "configuration_version": "1"
}